task_id,task_name,fold,n_train,n_test,n_features,n_classes,runtime_s,error,roc_auc,accuracy,log_loss
11,balance-scale,0,500,125,4,3,0.24975929600032032,,0.8389763035553215,0.864,0.7977467966012767
12,mfeat-factors,0,1600,400,216,10,2.218354268999974,,0.62,0.195,8.808381662676235
14,mfeat-fourier,0,1600,400,76,10,0.8285763440003393,,0.6103854166666667,0.19,8.791543524300613
15,breast-w,0,559,140,9,2,0.08790395400001216,,0.9911684782608696,0.8857142857142857,0.33837247542558896
16,mfeat-karhunen,0,1600,400,64,10,0.7148107779999009,,0.6618125,0.195,8.848760213812781
18,mfeat-morphological,0,1600,400,6,10,0.17189641400000255,,0.6575347222222222,0.1875,8.411701347668407
22,mfeat-zernike,0,1600,400,47,10,0.5823321890002262,,0.6107013888888889,0.1875,8.806814282844122
23,cmc,0,1178,295,9,3,0.15248138099968855,,0.6901590565883126,0.4271186440677966,1.0474150841888923
28,optdigits,0,4496,1124,64,10,7.5590449530000114,,0.6014169848520294,0.18861209964412812,8.877945872735715
32,pendigits,0,8793,2199,16,10,15.72602111499964,,0.599116992631336,0.26875852660300137,8.624520039391719
37,diabetes,0,614,154,8,2,0.0794847489996755,,0.7794444444444444,0.6493506493506493,0.5929159053821954
43,spambase,0,3680,921,57,2,4.396193528999902,,0.938120204982375,0.6058631921824105,0.6218675751605348
53,vehicle,0,676,170,18,4,0.10040248300038002,,0.6329606938200688,0.3352941176470588,3.6792752388167616
219,electricity,0,10000,9063,8,2,44.80685579500005,,0.7770801233049555,0.6386406267240428,0.6328672842155038
2074,satimage,0,5144,1286,36,6,7.224125927000387,,0.7540127205725676,0.5186625194401244,5.59697683688302
3549,analcatdata_authorship,0,672,169,70,4,0.18227774300021338,,0.8842587827668534,0.6863905325443787,3.235332294445395
3573,mnist_784,0,10000,14000,784,10,1.212783952999871,"OutOfMemoryError: CUDA out of memory. Tried to allocate 192.23 GiB. GPU 0 has a total capacity of 39.49 GiB of which 4.59 GiB is free. Including non-PyTorch memory, this process has 34.89 GiB memory in use. Of the allocated memory 22.22 GiB is allocated by PyTorch, and 12.18 GiB is reserved by PyTorch but unallocated. If reserved but unallocated memory is large try setting PYTORCH_CUDA_ALLOC_CONF=expandable_segments:True to avoid fragmentation.  See documentation for Memory Management  (https://pytorch.org/docs/stable/notes/cuda.html#environment-variables)",,,
3902,pc4,0,1166,292,37,2,0.29065736400025344,,0.7715928819444444,0.8767123287671232,0.3543133395167818
3903,pc3,0,1250,313,37,2,0.2934527709999202,,0.7723532028469751,0.8977635782747604,0.31868947264040337
3904,jm1,0,8708,2177,21,2,23.860048445999837,,0.6757131301435457,0.8066146072576941,0.4725774459719008
3913,kc2,0,417,105,21,2,0.059897627999816905,,0.7719058050383352,0.8,0.4504376778840721
3917,kc1,0,1687,422,21,2,0.37181445899977916,,0.8009049773755657,0.8459715639810427,0.380627652999356
3918,pc1,0,887,222,21,2,0.11976949400013837,,0.7761674718196457,0.9324324324324325,0.2318905992282441
9946,wdbc,0,455,114,30,2,0.0641847830002007,,0.9917328042328043,0.8421052631578947,0.4244886142371155
9952,phoneme,0,4323,1081,5,2,1.0464629230000355,,0.8245206203445257,0.7067530064754857,0.5327163065229682
9957,qsar-biodeg,0,844,211,41,2,0.15792202000011457,,0.8773641851106639,0.6635071090047393,0.5844593082046624
9960,wall-robot-navigation,0,4364,1092,24,4,3.16586420800013,,0.7082058737502728,0.4652014652014652,2.6559907225920734
9964,semeion,0,1274,319,256,10,1.5352226649997647,,0.5974465097473555,0.13793103448275862,8.89376852431182
9976,madelon,0,2080,520,500,2,10.221506943999884,,0.5321745562130178,0.5134615384615384,0.6927458814362332
9977,nomao,0,10000,6893,118,2,1.4081155420003597,"OutOfMemoryError: CUDA out of memory. Tried to allocate 33.53 GiB. GPU 0 has a total capacity of 39.49 GiB of which 29.71 GiB is free. Including non-PyTorch memory, this process has 9.77 GiB memory in use. Of the allocated memory 3.93 GiB is allocated by PyTorch, and 5.35 GiB is reserved by PyTorch but unallocated. If reserved but unallocated memory is large try setting PYTORCH_CUDA_ALLOC_CONF=expandable_segments:True to avoid fragmentation.  See documentation for Memory Management  (https://pytorch.org/docs/stable/notes/cuda.html#environment-variables)",,,
9978,ozone-level-8hr,0,2027,507,72,2,1.1146617959998366,,0.7251973684210526,0.9368836291913215,0.2406959898603058
9981,cnae-9,0,864,216,856,9,2.3570980260001306,,0.5925443672839505,0.1111111111111111,8.197124131594645
9985,first-order-theorem-proving,0,4894,1224,51,6,8.236596092000127,,0.5479869959753976,0.1781045751633987,7.946470049888696
10093,banknote-authentication,0,1097,275,4,2,0.10721721500021886,,0.9612129004607307,0.88,0.5161978474585204
10101,blood-transfusion-service-center,0,598,150,4,2,0.0737639950002631,,0.7713206627680311,0.76,0.5117564098415173
14952,PhishingWebsites,0,8844,2211,30,2,27.635584348000066,,0.9647001773902086,0.8394391677973767,0.617658445138033
14969,GesturePhaseSegmentationProcessed,0,7898,1975,32,5,20.596180019999792,,0.5417216330438592,0.27746835443037976,5.587467007647365
14970,har,0,8239,2060,561,6,1.9417258840003342,"OutOfMemoryError: CUDA out of memory. Tried to allocate 107.73 GiB. GPU 0 has a total capacity of 39.49 GiB of which 22.72 GiB is free. Including non-PyTorch memory, this process has 16.77 GiB memory in use. Of the allocated memory 15.15 GiB is allocated by PyTorch, and 1.13 GiB is reserved by PyTorch but unallocated. If reserved but unallocated memory is large try setting PYTORCH_CUDA_ALLOC_CONF=expandable_segments:True to avoid fragmentation.  See documentation for Memory Management  (https://pytorch.org/docs/stable/notes/cuda.html#environment-variables)",,,
146195,connect-4,0,10000,13512,42,3,1.7818042960002458,"OutOfMemoryError: CUDA out of memory. Tried to allocate 13.41 GiB. GPU 0 has a total capacity of 39.49 GiB of which 9.67 GiB is free. Including non-PyTorch memory, this process has 29.81 GiB memory in use. Of the allocated memory 14.89 GiB is allocated by PyTorch, and 14.44 GiB is reserved by PyTorch but unallocated. If reserved but unallocated memory is large try setting PYTORCH_CUDA_ALLOC_CONF=expandable_segments:True to avoid fragmentation.  See documentation for Memory Management  (https://pytorch.org/docs/stable/notes/cuda.html#environment-variables)",,,
146800,MiceProtein,0,864,216,77,8,0.3625752719999582,,0.6207329022143837,0.1388888888888889,7.69630776738526
146817,steel-plates-fault,0,1552,389,27,7,0.37300293999987844,,0.5953253272170483,0.35989717223650386,7.122280647313103
146819,climate-model-simulation-crashes,0,432,108,18,2,0.05596598500005712,,0.9113355780022447,0.9166666666666666,0.300162639444481
146820,wilt,0,3871,968,5,2,0.8394889569999577,,0.5541862613369163,0.9462809917355371,0.21376377663162047
146822,segment,0,1848,462,16,7,0.32736600899988844,,0.6436223708950981,0.2857142857142857,7.391715733252321
146824,mfeat-pixel,0,1600,400,240,10,2.4700497690000702,,0.6577361111111112,0.2,8.842340366275575
146825,Fashion-MNIST,0,10000,14000,784,10,0.8966715289998319,"OutOfMemoryError: CUDA out of memory. Tried to allocate 17.53 GiB. GPU 0 has a total capacity of 39.49 GiB of which 6.17 GiB is free. Including non-PyTorch memory, this process has 33.31 GiB memory in use. Of the allocated memory 19.20 GiB is allocated by PyTorch, and 13.62 GiB is reserved by PyTorch but unallocated. If reserved but unallocated memory is large try setting PYTORCH_CUDA_ALLOC_CONF=expandable_segments:True to avoid fragmentation.  See documentation for Memory Management  (https://pytorch.org/docs/stable/notes/cuda.html#environment-variables)",,,
167119,jungle_chess_2pcs_raw_endgame_complete,0,10000,8964,6,3,38.5046967090002,,0.8057978276791017,0.7019187862561357,0.896867399547782
167120,numerai28.6,0,10000,19264,21,2,212.57448199600003,,0.514503792921811,0.4948089700996678,0.6946562652166771
167140,dna,0,2548,638,180,3,5.290560653999819,,0.9762448222735248,0.542319749216301,1.0482126824168072
167141,churn,0,4000,1000,20,2,2.217518770999959,,0.8329906951015118,0.859,0.39271709542873307
