task_id,task_name,n_rows,n_features,n_classes,baseline_roc_auc_mean,baseline_accuracy_mean,seldon_roc_auc_mean,seldon_accuracy_mean,mynanotabpfn_roc_auc_mean,mynanotabpfn_accuracy_mean,osnanotabpfn_roc_auc_mean,osnanotabpfn_accuracy_mean
11,balance-scale,625,4,3,0.7137827676738161,0.464,1.0,1.0,0.8389763035553215,0.864,1.0,1.0
12,mfeat-factors,2000,216,10,0.5220416666666667,0.1,0.999388888888889,0.98,0.62,0.195,0.9947569444444444,0.9375
14,mfeat-fourier,2000,76,10,0.5662569444444445,0.1,0.9951319444444445,0.9225,0.6103854166666667,0.19,0.9794305555555557,0.8275
15,breast-w,699,9,2,0.9938858695652173,0.8928571428571429,0.9923007246376812,0.9642857142857143,0.9911684782608696,0.8857142857142857,0.9943387681159421,0.9571428571428572
16,mfeat-karhunen,2000,64,10,0.4626180555555556,0.1,0.9997083333333334,0.975,0.6618125,0.195,0.9910277777777777,0.905
18,mfeat-morphological,2000,6,10,0.5905069444444445,0.1,0.9739166666666665,0.7775,0.6575347222222222,0.1875,0.9643958333333333,0.715
22,mfeat-zernike,2000,47,10,0.5262291666666667,0.1,0.9923611111111112,0.9,0.6107013888888889,0.1875,0.9615763888888891,0.715
23,cmc,1473,9,3,0.6662182876992341,0.4271186440677966,0.7682002194958985,0.5932203389830508,0.6901590565883126,0.4271186440677966,0.7582530313717747,0.5830508474576271
28,optdigits,5620,64,10,0.5195901768681235,0.09875444839857651,0.9999788384031383,0.99644128113879,0.6014169848520294,0.18861209964412812,0.9958675320834111,0.9128113879003559
32,pendigits,10992,16,10,0.5901083952306743,0.10413824465666212,0.9998549684879308,0.9972714870395635,0.599116992631336,0.26875852660300137,0.9951436849060779,0.9072305593451568
37,diabetes,768,8,2,0.7381481481481481,0.6493506493506493,0.8162962962962963,0.7142857142857143,0.7794444444444444,0.6493506493506493,0.8205555555555557,0.7597402597402597
43,spambase,4601,57,2,0.5603197172112129,0.6058631921824105,0.9919626371239275,0.9609120521172638,0.938120204982375,0.6058631921824105,0.976613643769069,0.9446254071661238
53,vehicle,846,18,4,0.601190558573371,0.3058823529411765,0.9685569421897546,0.8529411764705882,0.6329606938200688,0.3352941176470588,0.9253554388320013,0.7529411764705882
219,electricity,19063,8,2,0.7660336307987314,0.5824782080988635,0.9457467913004826,0.8722277391592188,0.7770801233049555,0.6386406267240428,0.8565033846074115,0.7702747434624296
2074,satimage,6430,36,6,0.6985282521887535,0.21073094867807154,0.9960087385629746,0.9401244167962675,0.7540127205725676,0.5186625194401244,0.984224404283904,0.8755832037325039
3549,analcatdata_authorship,841,70,4,0.7279405189221995,0.378698224852071,1.0,1.0,0.8842587827668534,0.6863905325443787,0.9998870744368626,0.9881656804733728
3902,pc4,1458,37,2,0.5105251736111112,0.8767123287671232,0.9632161458333333,0.910958904109589,0.7715928819444444,0.8767123287671232,0.9516059027777777,0.8972602739726028
3903,pc3,1563,37,2,0.5784030249110321,0.8977635782747604,0.845251334519573,0.9073482428115016,0.7723532028469751,0.8977635782747604,0.8235097864768683,0.8977635782747604
3904,jm1,10885,21,2,0.6178450267559071,0.8066146072576941,0.7612873946942684,0.8167202572347267,0.6757131301435457,0.8066146072576941,0.6962629653877578,0.8098300413412953
3913,kc2,522,21,2,0.6864731653888281,0.7904761904761904,0.7677984665936474,0.8285714285714286,0.7719058050383352,0.8,0.6990690032858707,0.819047619047619
3917,kc1,2109,21,2,0.6664511958629606,0.8459715639810427,0.8528118939883647,0.8696682464454977,0.8009049773755657,0.8459715639810427,0.7994397759103642,0.8459715639810427
3918,pc1,1109,21,2,0.6429951690821256,0.9324324324324325,0.8980676328502416,0.9459459459459459,0.7761674718196457,0.9324324324324325,0.8317230273752014,0.9369369369369369
9946,wdbc,569,30,2,0.9216269841269842,0.6403508771929824,0.9975198412698412,0.9824561403508771,0.9917328042328043,0.8421052631578947,0.998015873015873,0.9824561403508771
9952,phoneme,5404,5,2,0.7993211884981914,0.7067530064754857,0.9671123259616496,0.9093432007400555,0.8245206203445257,0.7067530064754857,0.9030422646869374,0.8445883441258094
9957,qsar-biodeg,1055,41,2,0.5539235412474849,0.6635071090047393,0.9439134808853119,0.8815165876777251,0.8773641851106639,0.6635071090047393,0.937625754527163,0.8625592417061612
9960,wall-robot-navigation,5456,24,4,0.6982754408428516,0.40384615384615385,0.9998914459794634,0.9926739926739927,0.7082058737502728,0.4652014652014652,0.9989940971172614,0.9816849816849816
9964,semeion,1593,256,10,0.5969356477838972,0.10031347962382445,0.9992154034443571,0.9561128526645768,0.5974465097473555,0.13793103448275862,0.9530822655576786,0.7084639498432602
9976,madelon,2600,500,2,0.5271671597633136,0.5,0.9628328402366865,0.9019230769230769,0.5321745562130178,0.5134615384615384,0.7987426035502958,0.7423076923076923
9978,ozone-level-8hr,2534,72,2,0.46513157894736845,0.9368836291913215,0.9424013157894737,0.9585798816568047,0.7251973684210526,0.9368836291913215,0.9365789473684212,0.9368836291913215
9981,cnae-9,1080,856,9,0.5251736111111112,0.1111111111111111,0.9948881172839508,0.9074074074074074,0.5925443672839505,0.1111111111111111,0.9327015817901234,0.6574074074074074
9985,first-order-theorem-proving,6118,51,6,0.5497176487323213,0.12254901960784313,0.8582092343880903,0.6511437908496732,0.5479869959753976,0.1781045751633987,0.6958360998498093,0.45098039215686275
10093,banknote-authentication,1372,4,2,0.9510339654987678,0.8654545454545455,1.0,1.0,0.9612129004607307,0.88,1.0,1.0
10101,blood-transfusion-service-center,748,4,2,0.7640107212475634,0.76,0.7955653021442495,0.7866666666666666,0.7713206627680311,0.76,0.775706627680312,0.7933333333333333
14952,PhishingWebsites,11055,30,2,0.8237673867272335,0.5680687471732248,0.9986898821266932,0.9787426503844414,0.9647001773902086,0.8394391677973767,0.9852509159634609,0.9308005427408412
14969,GesturePhaseSegmentationProcessed,9873,32,5,0.46920698363032143,0.21265822784810126,0.957211252848331,0.8091139240506329,0.5417216330438592,0.27746835443037976,0.7675054328501705,0.48050632911392405
146800,MiceProtein,1080,77,8,0.5342653375210126,0.1388888888888889,1.0,1.0,0.6207329022143837,0.1388888888888889,0.9994351440961358,0.9861111111111112
146817,steel-plates-fault,1941,27,7,0.54335955572443,0.20051413881748073,0.9726725786863347,0.8046272493573264,0.5953253272170483,0.35989717223650386,0.9429000451474436,0.7352185089974294
146819,climate-model-simulation-crashes,540,18,2,0.6958473625140291,0.9166666666666666,0.9001122334455668,0.9537037037037037,0.9113355780022447,0.9166666666666666,0.9057239057239057,0.9444444444444444
146820,wilt,4839,5,2,0.45280483708431307,0.9462809917355371,0.9979425596237823,0.9907024793388429,0.5541862613369163,0.9462809917355371,0.996703896540141,0.987603305785124
146822,segment,2310,16,7,0.441017316017316,0.14285714285714285,0.9974310201582931,0.961038961038961,0.6436223708950981,0.2857142857142857,0.9925116970571517,0.9155844155844156
146824,mfeat-pixel,2000,240,10,0.5008194444444445,0.1,0.9992986111111112,0.97,0.6577361111111112,0.2,0.9865833333333333,0.8575
167119,jungle_chess_2pcs_raw_endgame_complete,18964,6,3,0.7045169927333287,0.6562918340026773,0.9760283702995323,0.8676929941990182,0.8057978276791017,0.7019187862561357,0.9046134550260728,0.7720883534136547
167120,numerai28.6,29264,21,2,0.49241136977932637,0.4948089700996678,0.5229749125061942,0.5181166943521595,0.514503792921811,0.4948089700996678,0.5145641871911242,0.5075269933554817
167140,dna,3186,180,3,0.7517781157815882,0.23981191222570533,0.9981416590148703,0.9733542319749217,0.9762448222735248,0.542319749216301,0.9932088238495741,0.9435736677115988
167141,churn,5000,20,2,0.7134223367101776,0.859,0.9290821423558648,0.965,0.8329906951015118,0.859,0.8936005085907248,0.915
